
{
  "header": {
    "reportVersion": 1,
    "event": "Allocation failed - JavaScript heap out of memory",
    "trigger": "FatalError",
    "filename": "report.20200611.222309.4909.0.001.json",
    "dumpEventTime": "2020-06-11T22:23:09Z",
    "dumpEventTimeStamp": "1591885389018",
    "processId": 4909,
    "cwd": "/Users/yk/Desktop/workSpace/react-admin",
    "commandLine": [
      "node",
      "scripts/start.js"
    ],
    "nodejsVersion": "v12.14.1",
    "wordSize": 64,
    "arch": "x64",
    "platform": "darwin",
    "componentVersions": {
      "node": "12.14.1",
      "v8": "7.7.299.13-node.16",
      "uv": "1.33.1",
      "zlib": "1.2.11",
      "brotli": "1.0.7",
      "ares": "1.15.0",
      "modules": "72",
      "nghttp2": "1.40.0",
      "napi": "5",
      "llhttp": "2.0.1",
      "http_parser": "2.8.0",
      "openssl": "1.1.1d",
      "cldr": "35.1",
      "icu": "64.2",
      "tz": "2019c",
      "unicode": "12.1"
    },
    "release": {
      "name": "node",
      "lts": "Erbium",
      "headersUrl": "https://nodejs.org/download/release/v12.14.1/node-v12.14.1-headers.tar.gz",
      "sourceUrl": "https://nodejs.org/download/release/v12.14.1/node-v12.14.1.tar.gz"
    },
    "osName": "Darwin",
    "osRelease": "18.7.0",
    "osVersion": "Darwin Kernel Version 18.7.0: Thu Jan 23 06:52:12 PST 2020; root:xnu-4903.278.25~1/RELEASE_X86_64",
    "osMachine": "x86_64",
    "cpus": [
      {
        "model": "Intel(R) Core(TM) i5-8279U CPU @ 2.40GHz",
        "speed": 2400,
        "user": 3326070,
        "nice": 0,
        "sys": 1829910,
        "idle": 23664650,
        "irq": 0
      },
      {
        "model": "Intel(R) Core(TM) i5-8279U CPU @ 2.40GHz",
        "speed": 2400,
        "user": 234360,
        "nice": 0,
        "sys": 200680,
        "idle": 28366940,
        "irq": 0
      },
      {
        "model": "Intel(R) Core(TM) i5-8279U CPU @ 2.40GHz",
        "speed": 2400,
        "user": 3097800,
        "nice": 0,
        "sys": 1290780,
        "idle": 24414630,
        "irq": 0
      },
      {
        "model": "Intel(R) Core(TM) i5-8279U CPU @ 2.40GHz",
        "speed": 2400,
        "user": 216570,
        "nice": 0,
        "sys": 174250,
        "idle": 28411110,
        "irq": 0
      },
      {
        "model": "Intel(R) Core(TM) i5-8279U CPU @ 2.40GHz",
        "speed": 2400,
        "user": 2765350,
        "nice": 0,
        "sys": 1041230,
        "idle": 24996560,
        "irq": 0
      },
      {
        "model": "Intel(R) Core(TM) i5-8279U CPU @ 2.40GHz",
        "speed": 2400,
        "user": 207380,
        "nice": 0,
        "sys": 155460,
        "idle": 28439040,
        "irq": 0
      },
      {
        "model": "Intel(R) Core(TM) i5-8279U CPU @ 2.40GHz",
        "speed": 2400,
        "user": 2187660,
        "nice": 0,
        "sys": 772590,
        "idle": 25842830,
        "irq": 0
      },
      {
        "model": "Intel(R) Core(TM) i5-8279U CPU @ 2.40GHz",
        "speed": 2400,
        "user": 201600,
        "nice": 0,
        "sys": 141600,
        "idle": 28458620,
        "irq": 0
      }
    ],
    "networkInterfaces": [
      {
        "name": "lo0",
        "internal": true,
        "mac": "00:00:00:00:00:00",
        "address": "127.0.0.1",
        "netmask": "255.0.0.0",
        "family": "IPv4"
      },
      {
        "name": "lo0",
        "internal": true,
        "mac": "00:00:00:00:00:00",
        "address": "::1",
        "netmask": "ffff:ffff:ffff:ffff:ffff:ffff:ffff:ffff",
        "family": "IPv6",
        "scopeid": 0
      },
      {
        "name": "lo0",
        "internal": true,
        "mac": "00:00:00:00:00:00",
        "address": "fe80::1",
        "netmask": "ffff:ffff:ffff:ffff::",
        "family": "IPv6",
        "scopeid": 1
      },
      {
        "name": "en0",
        "internal": false,
        "mac": "a4:83:e7:b3:c1:cd",
        "address": "fe80::1:7630:e1bd:2f10",
        "netmask": "ffff:ffff:ffff:ffff::",
        "family": "IPv6",
        "scopeid": 10
      },
      {
        "name": "en0",
        "internal": false,
        "mac": "a4:83:e7:b3:c1:cd",
        "address": "192.168.199.115",
        "netmask": "255.255.255.0",
        "family": "IPv4"
      },
      {
        "name": "awdl0",
        "internal": false,
        "mac": "ee:1a:c7:fb:6c:3d",
        "address": "fe80::ec1a:c7ff:fefb:6c3d",
        "netmask": "ffff:ffff:ffff:ffff::",
        "family": "IPv6",
        "scopeid": 12
      },
      {
        "name": "utun0",
        "internal": false,
        "mac": "00:00:00:00:00:00",
        "address": "fe80::a0cb:4cc6:6c42:fba3",
        "netmask": "ffff:ffff:ffff:ffff::",
        "family": "IPv6",
        "scopeid": 18
      },
      {
        "name": "utun1",
        "internal": false,
        "mac": "00:00:00:00:00:00",
        "address": "fe80::6b94:6506:4cf4:4f28",
        "netmask": "ffff:ffff:ffff:ffff::",
        "family": "IPv6",
        "scopeid": 19
      },
      {
        "name": "en5",
        "internal": false,
        "mac": "ac:de:48:00:11:22",
        "address": "fe80::aede:48ff:fe00:1122",
        "netmask": "ffff:ffff:ffff:ffff::",
        "family": "IPv6",
        "scopeid": 8
      }
    ],
    "host": "ykdeMacBook-Pro.lan"
  },
  "javascriptStack": {
    "message": "No stack.",
    "stack": [
      "Unavailable."
    ]
  },
  "nativeStack": [
    {
      "pc": "0x000000010014e0ce",
      "symbol": "report::TriggerNodeReport(v8::Isolate*, node::Environment*, char const*, char const*, std::__1::basic_string<char, std::__1::char_traits<char>, std::__1::allocator<char> > const&, v8::Local<v8::String>) [/usr/local/bin/node]"
    },
    {
      "pc": "0x000000010007f391",
      "symbol": "node::OnFatalError(char const*, char const*) [/usr/local/bin/node]"
    },
    {
      "pc": "0x0000000100176887",
      "symbol": "v8::Utils::ReportOOMFailure(v8::internal::Isolate*, char const*, bool) [/usr/local/bin/node]"
    },
    {
      "pc": "0x0000000100176823",
      "symbol": "v8::internal::V8::FatalProcessOutOfMemory(v8::internal::Isolate*, char const*, bool) [/usr/local/bin/node]"
    },
    {
      "pc": "0x00000001002fa9d5",
      "symbol": "v8::internal::Heap::FatalProcessOutOfMemory(char const*) [/usr/local/bin/node]"
    },
    {
      "pc": "0x00000001002fc0a4",
      "symbol": "v8::internal::Heap::RecomputeLimits(v8::internal::GarbageCollector) [/usr/local/bin/node]"
    },
    {
      "pc": "0x00000001002f8f77",
      "symbol": "v8::internal::Heap::PerformGarbageCollection(v8::internal::GarbageCollector, v8::GCCallbackFlags) [/usr/local/bin/node]"
    },
    {
      "pc": "0x00000001002f6f5d",
      "symbol": "v8::internal::Heap::CollectGarbage(v8::internal::AllocationSpace, v8::internal::GarbageCollectionReason, v8::GCCallbackFlags) [/usr/local/bin/node]"
    },
    {
      "pc": "0x0000000100302674",
      "symbol": "v8::internal::Heap::AllocateRawWithLightRetry(int, v8::internal::AllocationType, v8::internal::AllocationAlignment) [/usr/local/bin/node]"
    },
    {
      "pc": "0x00000001003026ef",
      "symbol": "v8::internal::Heap::AllocateRawWithRetryOrFail(int, v8::internal::AllocationType, v8::internal::AllocationAlignment) [/usr/local/bin/node]"
    },
    {
      "pc": "0x00000001002d15c3",
      "symbol": "v8::internal::Factory::NewRawTwoByteString(int, v8::internal::AllocationType) [/usr/local/bin/node]"
    },
    {
      "pc": "0x0000000100517c71",
      "symbol": "v8::internal::String::SlowFlatten(v8::internal::Isolate*, v8::internal::Handle<v8::internal::ConsString>, v8::internal::AllocationType) [/usr/local/bin/node]"
    },
    {
      "pc": "0x0000000100639b98",
      "symbol": "v8::internal::Runtime_StringCharCodeAt(int, unsigned long*, v8::internal::Isolate*) [/usr/local/bin/node]"
    },
    {
      "pc": "0x00000001009311f9",
      "symbol": "Builtins_CEntry_Return1_DontSaveFPRegs_ArgvOnStack_NoBuiltinExit [/usr/local/bin/node]"
    }
  ],
  "javascriptHeap": {
    "totalMemory": 2166083584,
    "totalCommittedMemory": 2161493888,
    "usedMemory": 1769716496,
    "availableMemory": 144689720,
    "memoryLimit": 2197815296,
    "heapSpaces": {
      "read_only_space": {
        "memorySize": 262144,
        "committedMemory": 32568,
        "capacity": 261872,
        "used": 32296,
        "available": 229576
      },
      "new_space": {
        "memorySize": 33554432,
        "committedMemory": 30408112,
        "capacity": 16759808,
        "used": 3611864,
        "available": 13147944
      },
      "old_space": {
        "memorySize": 2068951040,
        "committedMemory": 2067935064,
        "capacity": 1786762048,
        "used": 1703941368,
        "available": 82820680
      },
      "code_space": {
        "memorySize": 1736704,
        "committedMemory": 1702720,
        "capacity": 1475264,
        "used": 1475264,
        "available": 0
      },
      "map_space": {
        "memorySize": 3411968,
        "committedMemory": 3248128,
        "capacity": 2654560,
        "used": 2654560,
        "available": 0
      },
      "large_object_space": {
        "memorySize": 57544704,
        "committedMemory": 57544704,
        "capacity": 57450488,
        "used": 57450488,
        "available": 0
      },
      "code_large_object_space": {
        "memorySize": 622592,
        "committedMemory": 622592,
        "capacity": 550656,
        "used": 550656,
        "available": 0
      },
      "new_large_object_space": {
        "memorySize": 0,
        "committedMemory": 0,
        "capacity": 16759808,
        "used": 0,
        "available": 16759808
      }
    }
  },
  "resourceUsage": {
    "userCpuSeconds": 135.657,
    "kernelCpuSeconds": 26.1089,
    "cpuConsumptionPercent": 5.02068,
    "maxRss": 2401876574208,
    "pageFaults": {
      "IORequired": 4339,
      "IONotRequired": 1180630
    },
    "fsActivity": {
      "reads": 0,
      "writes": 0
    }
  },
  "libuv": [
  ],
  "environmentVariables": {
    "npm_config_save_dev": "",
    "npm_config_legacy_bundling": "",
    "npm_config_dry_run": "",
    "npm_package_dependencies_webpack_dev_server": "3.10.3",
    "npm_config_viewer": "man",
    "npm_config_only": "",
    "npm_config_commit_hooks": "true",
    "npm_config_browser": "",
    "npm_package_gitHead": "f112e0020935b4df01c74cf57deb086b840f1289",
    "npm_package_dependencies_semver": "6.3.0",
    "npm_package_dependencies_camelcase": "^5.3.1",
    "npm_package_dependencies__typescript_eslint_eslint_plugin": "^2.10.0",
    "npm_config_also": "",
    "npm_package_dependencies_jest_environment_jsdom_fourteen": "1.0.1",
    "npm_config_sign_git_commit": "",
    "npm_config_rollback": "true",
    "npm_package_babel_presets_0": "react-app",
    "TERM_PROGRAM": "vscode",
    "NODE": "/usr/local/bin/node",
    "npm_config_usage": "",
    "npm_config_audit": "true",
    "npm_package_jest_testMatch_0": "<rootDir>/src/**/__tests__/**/*.{js,jsx,ts,tsx}",
    "INIT_CWD": "/Users/yk/Desktop/workSpace/react-admin",
    "npm_package_jest_testEnvironment": "jest-environment-jsdom-fourteen",
    "npm_package_jest_testMatch_1": "<rootDir>/src/**/*.{spec,test}.{js,jsx,ts,tsx}",
    "npm_config_globalignorefile": "/usr/local/etc/npmignore",
    "npm_package_dependencies_jest_resolve": "24.9.0",
    "npm_package_dependencies_eslint": "^6.6.0",
    "SHELL": "/bin/bash",
    "TERM": "xterm-256color",
    "npm_config_shell": "/bin/bash",
    "npm_config_maxsockets": "50",
    "npm_config_init_author_url": "",
    "HOMEBREW_BOTTLE_DOMAIN": "https://mirrors.ustc.edu.cn/homebrew-bottles",
    "npm_config_shrinkwrap": "true",
    "npm_config_parseable": "",
    "npm_config_metrics_registry": "https://r.npm.taobao.org/",
    "TMPDIR": "/var/folders/5j/2mx1xm2j29d1zsld7fd_blth0000gn/T/",
    "npm_config_timing": "",
    "npm_config_init_license": "ISC",
    "Apple_PubSub_Socket_Render": "/private/tmp/com.apple.launchd.r4FzHskLEE/Render",
    "npm_config_if_present": "",
    "npm_package_jest_moduleNameMapper______module___css_sass_scss__": "identity-obj-proxy",
    "npm_package_dependencies_terser_webpack_plugin": "2.3.5",
    "TERM_PROGRAM_VERSION": "1.44.2",
    "npm_config_sign_git_tag": "",
    "npm_config_init_author_email": "",
    "npm_config_cache_max": "Infinity",
    "npm_config_preid": "",
    "npm_config_long": "",
    "npm_config_local_address": "",
    "npm_config_git_tag_version": "true",
    "npm_config_cert": "",
    "npm_package_dependencies_pnp_webpack_plugin": "1.6.4",
    "npm_package_dependencies_jest_watch_typeahead": "0.4.2",
    "npm_config_noproxy": "",
    "npm_config_fetch_retries": "2",
    "npm_config_registry": "https://r.npm.taobao.org/",
    "npm_package_dependencies_style_loader": "0.23.1",
    "npm_package_private": "true",
    "npm_package_jest_transform__________js_jsx_ts_tsx_css_json___": "<rootDir>/config/jest/fileTransform.js",
    "npm_package_dependencies_react_dom": "^16.13.1",
    "npm_package_dependencies_babel_loader": "8.1.0",
    "npm_config_versions": "",
    "npm_config_message": "%s",
    "npm_config_key": "",
    "npm_package_readmeFilename": "README.md",
    "npm_package_description": "This project was bootstrapped with [Create React App](https://github.com/facebook/create-react-app).",
    "USER": "yk",
    "npm_package_devDependencies_less_loader": "^5.0.0",
    "npm_package_dependencies_eslint_config_react_app": "^5.2.1",
    "npm_package_dependencies__testing_library_user_event": "^7.2.1",
    "npm_config_globalconfig": "/usr/local/etc/npmrc",
    "npm_package_browserslist_development_1": "last 1 firefox version",
    "npm_config_prefer_online": "",
    "npm_config_logs_max": "10",
    "npm_config_always_auth": "",
    "npm_package_browserslist_development_0": "last 1 chrome version",
    "npm_package_dependencies_case_sensitive_paths_webpack_plugin": "2.3.0",
    "npm_package_eslintConfig_extends": "react-app",
    "npm_package_dependencies_url_loader": "2.3.0",
    "SSH_AUTH_SOCK": "/private/tmp/com.apple.launchd.KAgMJWV8OW/Listeners",
    "npm_package_devDependencies_less": "^3.11.3",
    "npm_package_browserslist_development_2": "last 1 safari version",
    "npm_package_dependencies_file_loader": "4.3.0",
    "__CF_USER_TEXT_ENCODING": "0x1F5:0x19:0x34",
    "PUB_HOSTED_URL": "https://pub.flutter-io.cn",
    "npm_execpath": "/usr/local/lib/node_modules/cnpm/node_modules/npm/bin/npm-cli.js",
    "npm_config_global_style": "",
    "npm_config_cache_lock_retries": "10",
    "npm_package_dependencies_mini_css_extract_plugin": "0.9.0",
    "npm_package_dependencies_babel_jest": "^24.9.0",
    "npm_config_update_notifier": "true",
    "npm_config_cafile": "",
    "npm_package_jest_transform_______js_jsx_ts_tsx__": "<rootDir>/node_modules/babel-jest",
    "npm_package_dependencies_postcss_safe_parser": "4.0.1",
    "npm_config_heading": "npm",
    "npm_config_audit_level": "low",
    "npm_config_searchlimit": "20",
    "npm_config_read_only": "",
    "npm_config_offline": "",
    "npm_config_fetch_retry_mintimeout": "10000",
    "npm_package_dependencies_webpack_manifest_plugin": "2.2.0",
    "npm_package_dependencies_css_loader": "3.4.2",
    "npm_config_json": "",
    "npm_config_access": "",
    "npm_config_argv": "{\"remain\":[],\"cooked\":[\"--userconfig\",\"/Users/yk/.cnpmrc\",\"--disturl\",\"https://npm.taobao.org/mirrors/node\",\"--registry\",\"https://r.npm.taobao.org\",\"start\"],\"original\":[\"--userconfig=/Users/yk/.cnpmrc\",\"--disturl=https://npm.taobao.org/mirrors/node\",\"--registry=https://r.npm.taobao.org\",\"start\"]}",
    "npm_package_dependencies_resolve_url_loader": "3.1.1",
    "PATH": "/usr/local/lib/node_modules/cnpm/node_modules/npm/node_modules/npm-lifecycle/node-gyp-bin:/Users/yk/Desktop/workSpace/react-admin/node_modules/.bin:/usr/local/mongodb/bin:/Users/yk/Downloads/flutter/bin:/usr/local/bin:/usr/bin:/bin:/usr/sbin:/sbin:/usr/local/mongodb/bin:/Users/yk/Downloads/flutter/bin",
    "npm_config_allow_same_version": "",
    "npm_package_dependencies_webpack": "4.42.0",
    "npm_package_dependencies__babel_core": "7.9.0",
    "npm_config_https_proxy": "",
    "npm_config_engine_strict": "",
    "npm_config_description": "true",
    "_": "/usr/local/bin/node",
    "npm_config_init_module": "/Users/yk/.npm-init.js",
    "npm_config_userconfig": "/Users/yk/.cnpmrc",
    "npm_package_browserslist_production_1": "not dead",
    "npm_package_dependencies_react_app_polyfill": "^1.0.6",
    "npm_package_dependencies_babel_plugin_named_asset_import": "^0.3.6",
    "npm_package_dependencies__svgr_webpack": "4.3.3",
    "npm_config_cidr": "",
    "npm_package_browserslist_production_0": ">0.2%",
    "PWD": "/Users/yk/Desktop/workSpace/react-admin",
    "npm_config_user": "",
    "npm_config_node_version": "12.14.1",
    "FLUTTER_STORAGE_BASE_URL": "https://storage.flutter-io.cn",
    "npm_lifecycle_event": "start",
    "npm_package_browserslist_production_2": "not op_mini all",
    "npm_package_dependencies_resolve": "1.15.0",
    "npm_package_dependencies_jest": "24.9.0",
    "npm_config_save": "true",
    "npm_config_ignore_prepublish": "",
    "npm_config_editor": "vi",
    "npm_config_auth_type": "legacy",
    "npm_package_jest_transform______css_": "<rootDir>/config/jest/cssTransform.js",
    "npm_package_name": "react-admin",
    "LANG": "zh_CN.UTF-8",
    "npm_config_tag": "latest",
    "npm_config_script_shell": "",
    "npm_config_progress": "true",
    "npm_config_global": "",
    "npm_config_before": "",
    "npm_package_jest_collectCoverageFrom_1": "!src/**/*.d.ts",
    "npm_package_scripts_build": "node scripts/build.js",
    "npm_package_scripts_start": "node scripts/start.js",
    "npm_config_searchstaleness": "900",
    "npm_config_optional": "true",
    "npm_config_ham_it_up": "",
    "npm_package_jest_collectCoverageFrom_0": "src/**/*.{js,jsx,ts,tsx}",
    "XPC_FLAGS": "0x0",
    "npm_config_save_prod": "",
    "npm_config_force": "",
    "npm_config_bin_links": "true",
    "npm_package_jest_watchPlugins_0": "jest-watch-typeahead/filename",
    "npm_package_jest_transformIgnorePatterns_0": "[/\\\\]node_modules[/\\\\].+\\.(js|jsx|ts|tsx)$",
    "npm_package_dependencies_postcss_normalize": "8.0.1",
    "npm_package_dependencies_eslint_plugin_react": "7.19.0",
    "npm_config_searchopts": "",
    "npm_package_jest_watchPlugins_1": "jest-watch-typeahead/testname",
    "npm_package_jest_transformIgnorePatterns_1": "^.+\\.module\\.(css|sass|scss)$",
    "npm_package_dependencies_workbox_webpack_plugin": "4.3.1",
    "npm_config_node_gyp": "/usr/local/lib/node_modules/cnpm/node_modules/npm/node_modules/node-gyp/bin/node-gyp.js",
    "npm_config_depth": "Infinity",
    "npm_package_jest_moduleNameMapper__react_native_": "react-native-web",
    "npm_package_dependencies_optimize_css_assets_webpack_plugin": "5.0.3",
    "npm_config_sso_poll_frequency": "500",
    "npm_config_rebuild_bundle": "true",
    "npm_package_version": "0.1.0",
    "XPC_SERVICE_NAME": "0",
    "npm_config_unicode": "true",
    "npm_package_dependencies_react_dev_utils": "^10.2.1",
    "npm_package_dependencies_eslint_loader": "3.0.3",
    "HOME": "/Users/yk",
    "SHLVL": "3",
    "npm_config_fetch_retry_maxtimeout": "60000",
    "npm_package_scripts_test": "node scripts/test.js",
    "npm_package_dependencies_postcss_preset_env": "6.7.0",
    "npm_config_tag_version_prefix": "v",
    "npm_config_strict_ssl": "true",
    "npm_config_sso_type": "oauth",
    "npm_config_scripts_prepend_node_path": "warn-only",
    "npm_config_save_prefix": "^",
    "npm_config_loglevel": "notice",
    "npm_config_ca": "",
    "npm_package_dependencies_postcss_flexbugs_fixes": "4.1.0",
    "npm_package_dependencies_dotenv": "8.2.0",
    "npm_package_dependencies_babel_preset_react_app": "^9.1.2",
    "npm_config_save_exact": "",
    "npm_config_group": "20",
    "npm_config_fetch_retry_factor": "10",
    "npm_config_dev": "",
    "npm_package_jest_moduleFileExtensions_7": "web.jsx",
    "npm_package_jest_roots_0": "<rootDir>/src",
    "npm_package_dependencies_eslint_plugin_import": "2.20.1",
    "npm_package_dependencies__testing_library_jest_dom": "^4.2.4",
    "npm_config_version": "",
    "npm_config_prefer_offline": "",
    "npm_config_cache_lock_stale": "60000",
    "npm_package_jest_moduleFileExtensions_6": "json",
    "npm_package_dependencies_eslint_plugin_jsx_a11y": "6.2.3",
    "npm_package_dependencies_babel_eslint": "10.1.0",
    "npm_config_otp": "",
    "npm_config_cache_min": "10",
    "npm_config_disturl": "https://npm.taobao.org/mirrors/node",
    "npm_package_jest_moduleFileExtensions_5": "tsx",
    "npm_package_devDependencies_react_router_dom": "^5.2.0",
    "npm_config_searchexclude": "",
    "npm_config_cache": "/Users/yk/.npm",
    "npm_package_jest_moduleFileExtensions_4": "web.tsx",
    "npm_package_dependencies_sass_loader": "8.0.2",
    "npm_package_dependencies_fs_extra": "^8.1.0",
    "npm_package_dependencies__typescript_eslint_parser": "^2.10.0",
    "LOGNAME": "yk",
    "npm_lifecycle_script": "node scripts/start.js",
    "npm_config_color": "true",
    "npm_package_jest_moduleFileExtensions_3": "ts",
    "npm_package_dependencies_html_webpack_plugin": "4.0.0-beta.11",
    "npm_config_proxy": "",
    "npm_config_package_lock": "true",
    "npm_package_jest_moduleFileExtensions_2": "web.ts",
    "npm_config_package_lock_only": "",
    "npm_config_fund": "true",
    "npm_package_jest_moduleFileExtensions_1": "js",
    "npm_package_dependencies_react": "^16.13.1",
    "npm_package_dependencies_dotenv_expand": "5.1.0",
    "npm_config_save_optional": "",
    "npm_package_jest_moduleFileExtensions_0": "web.js",
    "npm_config_ignore_scripts": "",
    "npm_config_user_agent": "npm/6.14.0 node/v12.14.1 darwin x64",
    "npm_package_dependencies_identity_obj_proxy": "3.0.0",
    "npm_package_dependencies__testing_library_react": "^9.5.0",
    "npm_config_cache_lock_wait": "10000",
    "npm_package_dependencies_eslint_plugin_react_hooks": "^1.6.1",
    "npm_config_production": "",
    "npm_package_dependencies_postcss_loader": "3.0.0",
    "npm_config_send_metrics": "",
    "npm_config_save_bundle": "",
    "npm_package_jest_setupFiles_0": "react-app-polyfill/jsdom",
    "npm_package_dependencies_eslint_plugin_flowtype": "4.6.0",
    "npm_config_umask": "0022",
    "npm_config_node_options": "",
    "npm_config_init_version": "1.0.0",
    "npm_package_jest_setupFilesAfterEnv_0": "<rootDir>/src/setupTests.js",
    "npm_config_init_author_name": "",
    "npm_config_git": "git",
    "npm_config_scope": "",
    "npm_package_dependencies_ts_pnp": "1.1.6",
    "npm_config_unsafe_perm": "true",
    "npm_config_tmp": "/var/folders/5j/2mx1xm2j29d1zsld7fd_blth0000gn/T",
    "npm_config_onload_script": "",
    "npm_package_jest_moduleFileExtensions_9": "node",
    "npm_node_execpath": "/usr/local/bin/node",
    "npm_config_prefix": "/usr/local",
    "npm_config_link": "",
    "npm_config_format_package_lock": "true",
    "npm_package_jest_moduleFileExtensions_8": "jsx",
    "COLORTERM": "truecolor",
    "BABEL_ENV": "development",
    "NODE_ENV": "development",
    "NODE_PATH": "",
    "WEBPACK_DEV_SERVER": "true"
  },
  "userLimits": {
    "core_file_size_blocks": {
      "soft": 0,
      "hard": "unlimited"
    },
    "data_seg_size_kbytes": {
      "soft": "unlimited",
      "hard": "unlimited"
    },
    "file_size_blocks": {
      "soft": "unlimited",
      "hard": "unlimited"
    },
    "max_locked_memory_bytes": {
      "soft": "unlimited",
      "hard": "unlimited"
    },
    "max_memory_size_kbytes": {
      "soft": "unlimited",
      "hard": "unlimited"
    },
    "open_files": {
      "soft": 10240,
      "hard": "unlimited"
    },
    "stack_size_bytes": {
      "soft": 8388608,
      "hard": 67104768
    },
    "cpu_time_seconds": {
      "soft": "unlimited",
      "hard": "unlimited"
    },
    "max_user_processes": {
      "soft": 709,
      "hard": 1064
    },
    "virtual_memory_kbytes": {
      "soft": "unlimited",
      "hard": "unlimited"
    }
  },
  "sharedObjects": [
    "/usr/local/bin/node",
    "/System/Library/Frameworks/CoreFoundation.framework/Versions/A/CoreFoundation",
    "/usr/lib/libSystem.B.dylib",
    "/usr/lib/libc++.1.dylib",
    "/usr/lib/libobjc.A.dylib",
    "/usr/lib/libDiagnosticMessagesClient.dylib",
    "/usr/lib/libicucore.A.dylib",
    "/usr/lib/libz.1.dylib",
    "/usr/lib/libc++abi.dylib",
    "/usr/lib/system/libcache.dylib",
    "/usr/lib/system/libcommonCrypto.dylib",
    "/usr/lib/system/libcompiler_rt.dylib",
    "/usr/lib/system/libcopyfile.dylib",
    "/usr/lib/system/libcorecrypto.dylib",
    "/usr/lib/system/libdispatch.dylib",
    "/usr/lib/system/libdyld.dylib",
    "/usr/lib/system/libkeymgr.dylib",
    "/usr/lib/system/liblaunch.dylib",
    "/usr/lib/system/libmacho.dylib",
    "/usr/lib/system/libquarantine.dylib",
    "/usr/lib/system/libremovefile.dylib",
    "/usr/lib/system/libsystem_asl.dylib",
    "/usr/lib/system/libsystem_blocks.dylib",
    "/usr/lib/system/libsystem_c.dylib",
    "/usr/lib/system/libsystem_configuration.dylib",
    "/usr/lib/system/libsystem_coreservices.dylib",
    "/usr/lib/system/libsystem_darwin.dylib",
    "/usr/lib/system/libsystem_dnssd.dylib",
    "/usr/lib/system/libsystem_info.dylib",
    "/usr/lib/system/libsystem_m.dylib",
    "/usr/lib/system/libsystem_malloc.dylib",
    "/usr/lib/system/libsystem_networkextension.dylib",
    "/usr/lib/system/libsystem_notify.dylib",
    "/usr/lib/system/libsystem_sandbox.dylib",
    "/usr/lib/system/libsystem_secinit.dylib",
    "/usr/lib/system/libsystem_kernel.dylib",
    "/usr/lib/system/libsystem_platform.dylib",
    "/usr/lib/system/libsystem_pthread.dylib",
    "/usr/lib/system/libsystem_symptoms.dylib",
    "/usr/lib/system/libsystem_trace.dylib",
    "/usr/lib/system/libunwind.dylib",
    "/usr/lib/system/libxpc.dylib",
    "/System/Library/CoreServices/Encodings/libSimplifiedChineseConverter.dylib",
    "/System/Library/Frameworks/ApplicationServices.framework/Versions/A/ApplicationServices",
    "/System/Library/Frameworks/CoreGraphics.framework/Versions/A/CoreGraphics",
    "/System/Library/Frameworks/CoreText.framework/Versions/A/CoreText",
    "/System/Library/Frameworks/ImageIO.framework/Versions/A/ImageIO",
    "/System/Library/Frameworks/ColorSync.framework/Versions/A/ColorSync",
    "/System/Library/Frameworks/ApplicationServices.framework/Versions/A/Frameworks/ATS.framework/Versions/A/ATS",
    "/System/Library/Frameworks/ApplicationServices.framework/Versions/A/Frameworks/ColorSyncLegacy.framework/Versions/A/ColorSyncLegacy",
    "/System/Library/Frameworks/CoreServices.framework/Versions/A/CoreServices",
    "/System/Library/Frameworks/ApplicationServices.framework/Versions/A/Frameworks/HIServices.framework/Versions/A/HIServices",
    "/System/Library/Frameworks/ApplicationServices.framework/Versions/A/Frameworks/LangAnalysis.framework/Versions/A/LangAnalysis",
    "/System/Library/Frameworks/ApplicationServices.framework/Versions/A/Frameworks/PrintCore.framework/Versions/A/PrintCore",
    "/System/Library/Frameworks/ApplicationServices.framework/Versions/A/Frameworks/QD.framework/Versions/A/QD",
    "/System/Library/Frameworks/ApplicationServices.framework/Versions/A/Frameworks/SpeechSynthesis.framework/Versions/A/SpeechSynthesis",
    "/System/Library/PrivateFrameworks/SkyLight.framework/Versions/A/SkyLight",
    "/System/Library/Frameworks/IOSurface.framework/Versions/A/IOSurface",
    "/usr/lib/libxml2.2.dylib",
    "/System/Library/Frameworks/CFNetwork.framework/Versions/A/CFNetwork",
    "/System/Library/Frameworks/Accelerate.framework/Versions/A/Accelerate",
    "/System/Library/Frameworks/Foundation.framework/Versions/C/Foundation",
    "/usr/lib/libcompression.dylib",
    "/System/Library/Frameworks/SystemConfiguration.framework/Versions/A/SystemConfiguration",
    "/System/Library/Frameworks/CoreDisplay.framework/Versions/A/CoreDisplay",
    "/System/Library/Frameworks/IOKit.framework/Versions/A/IOKit",
    "/System/Library/Frameworks/Metal.framework/Versions/A/Metal",
    "/System/Library/Frameworks/MetalPerformanceShaders.framework/Versions/A/MetalPerformanceShaders",
    "/System/Library/PrivateFrameworks/MultitouchSupport.framework/Versions/A/MultitouchSupport",
    "/System/Library/Frameworks/Security.framework/Versions/A/Security",
    "/System/Library/Frameworks/QuartzCore.framework/Versions/A/QuartzCore",
    "/usr/lib/libbsm.0.dylib",
    "/usr/lib/liblzma.5.dylib",
    "/usr/lib/libauto.dylib",
    "/System/Library/Frameworks/DiskArbitration.framework/Versions/A/DiskArbitration",
    "/usr/lib/libarchive.2.dylib",
    "/usr/lib/liblangid.dylib",
    "/usr/lib/libCRFSuite.dylib",
    "/usr/lib/libenergytrace.dylib",
    "/usr/lib/system/libkxld.dylib",
    "/System/Library/PrivateFrameworks/AppleFSCompression.framework/Versions/A/AppleFSCompression",
    "/usr/lib/libOpenScriptingUtil.dylib",
    "/usr/lib/libcoretls.dylib",
    "/usr/lib/libcoretls_cfhelpers.dylib",
    "/usr/lib/libpam.2.dylib",
    "/usr/lib/libsqlite3.dylib",
    "/usr/lib/libxar.1.dylib",
    "/usr/lib/libbz2.1.0.dylib",
    "/usr/lib/libnetwork.dylib",
    "/usr/lib/libapple_nghttp2.dylib",
    "/usr/lib/libpcap.A.dylib",
    "/System/Library/Frameworks/CoreServices.framework/Versions/A/Frameworks/FSEvents.framework/Versions/A/FSEvents",
    "/System/Library/Frameworks/CoreServices.framework/Versions/A/Frameworks/CarbonCore.framework/Versions/A/CarbonCore",
    "/System/Library/Frameworks/CoreServices.framework/Versions/A/Frameworks/Metadata.framework/Versions/A/Metadata",
    "/System/Library/Frameworks/CoreServices.framework/Versions/A/Frameworks/OSServices.framework/Versions/A/OSServices",
    "/System/Library/Frameworks/CoreServices.framework/Versions/A/Frameworks/SearchKit.framework/Versions/A/SearchKit",
    "/System/Library/Frameworks/CoreServices.framework/Versions/A/Frameworks/AE.framework/Versions/A/AE",
    "/System/Library/Frameworks/CoreServices.framework/Versions/A/Frameworks/LaunchServices.framework/Versions/A/LaunchServices",
    "/System/Library/Frameworks/CoreServices.framework/Versions/A/Frameworks/DictionaryServices.framework/Versions/A/DictionaryServices",
    "/System/Library/Frameworks/CoreServices.framework/Versions/A/Frameworks/SharedFileList.framework/Versions/A/SharedFileList",
    "/System/Library/Frameworks/NetFS.framework/Versions/A/NetFS",
    "/System/Library/PrivateFrameworks/NetAuth.framework/Versions/A/NetAuth",
    "/System/Library/PrivateFrameworks/login.framework/Versions/A/Frameworks/loginsupport.framework/Versions/A/loginsupport",
    "/System/Library/PrivateFrameworks/TCC.framework/Versions/A/TCC",
    "/System/Library/PrivateFrameworks/CoreNLP.framework/Versions/A/CoreNLP",
    "/System/Library/PrivateFrameworks/MetadataUtilities.framework/Versions/A/MetadataUtilities",
    "/usr/lib/libmecabra.dylib",
    "/usr/lib/libmecab.1.0.0.dylib",
    "/usr/lib/libgermantok.dylib",
    "/usr/lib/libThaiTokenizer.dylib",
    "/usr/lib/libChineseTokenizer.dylib",
    "/usr/lib/libiconv.2.dylib",
    "/usr/lib/libcharset.1.dylib",
    "/System/Library/PrivateFrameworks/LanguageModeling.framework/Versions/A/LanguageModeling",
    "/System/Library/PrivateFrameworks/CoreEmoji.framework/Versions/A/CoreEmoji",
    "/System/Library/PrivateFrameworks/Lexicon.framework/Versions/A/Lexicon",
    "/System/Library/PrivateFrameworks/LinguisticData.framework/Versions/A/LinguisticData",
    "/usr/lib/libcmph.dylib",
    "/System/Library/Frameworks/CoreData.framework/Versions/A/CoreData",
    "/System/Library/Frameworks/OpenDirectory.framework/Versions/A/Frameworks/CFOpenDirectory.framework/Versions/A/CFOpenDirectory",
    "/System/Library/PrivateFrameworks/APFS.framework/Versions/A/APFS",
    "/usr/lib/libutil.dylib",
    "/System/Library/Frameworks/ServiceManagement.framework/Versions/A/ServiceManagement",
    "/System/Library/PrivateFrameworks/BackgroundTaskManagement.framework/Versions/A/BackgroundTaskManagement",
    "/usr/lib/libxslt.1.dylib",
    "/System/Library/Frameworks/Accelerate.framework/Versions/A/Frameworks/vImage.framework/Versions/A/vImage",
    "/System/Library/Frameworks/Accelerate.framework/Versions/A/Frameworks/vecLib.framework/Versions/A/vecLib",
    "/System/Library/Frameworks/Accelerate.framework/Versions/A/Frameworks/vecLib.framework/Versions/A/libvMisc.dylib",
    "/System/Library/Frameworks/Accelerate.framework/Versions/A/Frameworks/vecLib.framework/Versions/A/libvDSP.dylib",
    "/System/Library/Frameworks/Accelerate.framework/Versions/A/Frameworks/vecLib.framework/Versions/A/libBLAS.dylib",
    "/System/Library/Frameworks/Accelerate.framework/Versions/A/Frameworks/vecLib.framework/Versions/A/libLAPACK.dylib",
    "/System/Library/Frameworks/Accelerate.framework/Versions/A/Frameworks/vecLib.framework/Versions/A/libLinearAlgebra.dylib",
    "/System/Library/Frameworks/Accelerate.framework/Versions/A/Frameworks/vecLib.framework/Versions/A/libSparseBLAS.dylib",
    "/System/Library/Frameworks/Accelerate.framework/Versions/A/Frameworks/vecLib.framework/Versions/A/libQuadrature.dylib",
    "/System/Library/Frameworks/Accelerate.framework/Versions/A/Frameworks/vecLib.framework/Versions/A/libBNNS.dylib",
    "/System/Library/Frameworks/Accelerate.framework/Versions/A/Frameworks/vecLib.framework/Versions/A/libSparse.dylib",
    "/System/Library/PrivateFrameworks/GPUWrangler.framework/Versions/A/GPUWrangler",
    "/System/Library/PrivateFrameworks/IOAccelerator.framework/Versions/A/IOAccelerator",
    "/System/Library/PrivateFrameworks/IOPresentment.framework/Versions/A/IOPresentment",
    "/System/Library/PrivateFrameworks/DSExternalDisplay.framework/Versions/A/DSExternalDisplay",
    "/System/Library/Frameworks/OpenGL.framework/Versions/A/Libraries/libCoreFSCache.dylib",
    "/System/Library/Frameworks/MetalPerformanceShaders.framework/Frameworks/MPSCore.framework/Versions/A/MPSCore",
    "/System/Library/Frameworks/MetalPerformanceShaders.framework/Frameworks/MPSImage.framework/Versions/A/MPSImage",
    "/System/Library/Frameworks/MetalPerformanceShaders.framework/Frameworks/MPSNeuralNetwork.framework/Versions/A/MPSNeuralNetwork",
    "/System/Library/Frameworks/MetalPerformanceShaders.framework/Frameworks/MPSMatrix.framework/Versions/A/MPSMatrix",
    "/System/Library/Frameworks/MetalPerformanceShaders.framework/Frameworks/MPSRayIntersector.framework/Versions/A/MPSRayIntersector",
    "/System/Library/PrivateFrameworks/MetalTools.framework/Versions/A/MetalTools",
    "/System/Library/PrivateFrameworks/AggregateDictionary.framework/Versions/A/AggregateDictionary",
    "/usr/lib/libMobileGestalt.dylib",
    "/System/Library/Frameworks/CoreImage.framework/Versions/A/CoreImage",
    "/System/Library/Frameworks/CoreVideo.framework/Versions/A/CoreVideo",
    "/System/Library/Frameworks/OpenGL.framework/Versions/A/OpenGL",
    "/System/Library/PrivateFrameworks/GraphVisualizer.framework/Versions/A/GraphVisualizer",
    "/System/Library/PrivateFrameworks/FaceCore.framework/Versions/A/FaceCore",
    "/System/Library/Frameworks/OpenCL.framework/Versions/A/OpenCL",
    "/usr/lib/libFosl_dynamic.dylib",
    "/System/Library/PrivateFrameworks/OTSVG.framework/Versions/A/OTSVG",
    "/System/Library/Frameworks/ApplicationServices.framework/Versions/A/Frameworks/ATS.framework/Versions/A/Resources/libFontParser.dylib",
    "/System/Library/Frameworks/ApplicationServices.framework/Versions/A/Frameworks/ATS.framework/Versions/A/Resources/libFontRegistry.dylib",
    "/System/Library/Frameworks/ImageIO.framework/Versions/A/Resources/libJPEG.dylib",
    "/System/Library/Frameworks/ImageIO.framework/Versions/A/Resources/libTIFF.dylib",
    "/System/Library/Frameworks/ImageIO.framework/Versions/A/Resources/libPng.dylib",
    "/System/Library/Frameworks/ImageIO.framework/Versions/A/Resources/libGIF.dylib",
    "/System/Library/Frameworks/ImageIO.framework/Versions/A/Resources/libJP2.dylib",
    "/System/Library/Frameworks/ImageIO.framework/Versions/A/Resources/libRadiance.dylib",
    "/System/Library/PrivateFrameworks/AppleJPEG.framework/Versions/A/AppleJPEG",
    "/System/Library/Frameworks/OpenGL.framework/Versions/A/Libraries/libGFXShared.dylib",
    "/System/Library/Frameworks/OpenGL.framework/Versions/A/Libraries/libGLU.dylib",
    "/System/Library/Frameworks/OpenGL.framework/Versions/A/Libraries/libGL.dylib",
    "/System/Library/Frameworks/OpenGL.framework/Versions/A/Libraries/libGLImage.dylib",
    "/System/Library/Frameworks/OpenGL.framework/Versions/A/Libraries/libCVMSPluginSupport.dylib",
    "/System/Library/Frameworks/OpenGL.framework/Versions/A/Libraries/libCoreVMClient.dylib",
    "/usr/lib/libcups.2.dylib",
    "/System/Library/Frameworks/Kerberos.framework/Versions/A/Kerberos",
    "/System/Library/Frameworks/GSS.framework/Versions/A/GSS",
    "/usr/lib/libresolv.9.dylib",
    "/System/Library/PrivateFrameworks/Heimdal.framework/Versions/A/Heimdal",
    "/usr/lib/libheimdal-asn1.dylib",
    "/System/Library/Frameworks/OpenDirectory.framework/Versions/A/OpenDirectory",
    "/System/Library/PrivateFrameworks/CommonAuth.framework/Versions/A/CommonAuth",
    "/System/Library/Frameworks/SecurityFoundation.framework/Versions/A/SecurityFoundation",
    "/System/Library/Frameworks/CoreAudio.framework/Versions/A/CoreAudio",
    "/System/Library/Frameworks/AudioToolbox.framework/Versions/A/AudioToolbox",
    "/System/Library/PrivateFrameworks/AppleSauce.framework/Versions/A/AppleSauce",
    "/System/Library/PrivateFrameworks/AssertionServices.framework/Versions/A/AssertionServices",
    "/System/Library/PrivateFrameworks/BaseBoard.framework/Versions/A/BaseBoard",
    "/Users/yk/Desktop/workSpace/react-admin/node_modules/webpack-dev-server/node_modules/fsevents/build/Release/fse.node",
    "/Users/yk/Desktop/workSpace/react-admin/node_modules/fsevents/fsevents.node"
  ]
}